15-dic-2025;;;;;;;;;;;
iShares Core MSCI Europe UCITS ETF EUR (Acc);;;;;;;;;;;
Inception Date;25/09/2009;;;;;;;;;;
Fund Holdings as of;15/12/2025;;;;;;;;;;
Number of Securities;403,00;;;;;;;;;;
Shares Outstanding;146.910.991,00;;;;;;;;;;
;;;;;;;;;;;
Ticker dell'emittente;Nome;Settore;Asset Class;Valore di mercato;Ponderazione (%);Valore nozionale;Nominale;Prezzo;Area Geografica;Cambio;Valuta di mercato
ASML;ASML HOLDING NV;IT;Azionario;426.749.918,00;3,15;426.749.918,00;458.378,00;931,00;Paesi Bassi;Euronext Amsterdam;EUR
ROG;ROCHE HOLDING PAR AG;Salute;Azionario;285.134.381,60;2,10;285.134.381,60;828.471,00;344,17;Svizzera;SIX Swiss Exchange;CHF
AZN;ASTRAZENECA PLC;Salute;Azionario;283.836.178,70;2,10;283.836.178,70;1.831.129,00;155,01;Regno unito;London Stock Exchange;GBP
HSBA;HSBC HOLDINGS PLC;Finanziari;Azionario;260.402.438,33;1,92;260.402.438,33;20.330.257,00;12,81;Regno unito;London Stock Exchange;GBP
SAP;SAP;IT;Azionario;258.162.800,35;1,91;258.162.800,35;1.231.399,00;209,65;Germania;Xetra;EUR
NOVN;NOVARTIS AG;Salute;Azionario;257.066.139,82;1,90;257.066.139,82;2.242.006,00;114,66;Svizzera;SIX Swiss Exchange;CHF
NESN;NESTLE SA;Generi di largo consumo;Azionario;256.480.182,20;1,89;256.480.182,20;3.038.438,00;84,41;Svizzera;SIX Swiss Exchange;CHF
SIE;SIEMENS N AG;Industriali;Azionario;214.339.861,55;1,58;214.339.861,55;896.257,00;239,15;Germania;Xetra;EUR
SHEL;SHELL PLC;Energia;Azionario;210.214.588,49;1,55;210.214.588,49;6.840.905,00;30,73;Regno unito;London Stock Exchange;GBP
MC;LVMH;Consumi Discrezionali;Azionario;184.631.881,20;1,36;184.631.881,20;294.892,00;626,10;Francia;Nyse Euronext - Euronext Paris;EUR
ALV;ALLIANZ;Finanziari;Azionario;174.547.920,60;1,29;174.547.920,60;455.382,00;383,30;Germania;Xetra;EUR
SAN;BANCO SANTANDER SA;Finanziari;Azionario;173.326.981,81;1,28;173.326.981,81;17.555.655,00;9,87;Spagna;Bolsa De Madrid;EUR
NOVO B;NOVO NORDISK CLASS B;Salute;Azionario;160.872.294,48;1,19;160.872.294,48;3.798.306,00;42,35;Danimarca;Omx Nordic Exchange Copenhagen A/S;DKK
SU;SCHNEIDER ELECTRIC;Industriali;Azionario;156.927.878,40;1,16;156.927.878,40;646.592,00;242,70;Francia;Nyse Euronext - Euronext Paris;EUR
ULVR;UNILEVER PLC;Generi di largo consumo;Azionario;141.811.702,59;1,05;141.811.702,59;2.570.345,00;55,17;Regno unito;London Stock Exchange;GBP
AIR;AIRBUS GROUP;Industriali;Azionario;137.632.113,00;1,02;137.632.113,00;701.775,00;196,12;Francia;Nyse Euronext - Euronext Paris;EUR
IBE;IBERDROLA SA;Imprese di servizi di pubblica utilità;Azionario;137.053.310,75;1,01;137.053.310,75;7.567.825,00;18,11;Spagna;Bolsa De Madrid;EUR
UBSG;UBS GROUP AG;Finanziari;Azionario;136.747.643,09;1,01;136.747.643,09;3.744.128,00;36,52;Svizzera;SIX Swiss Exchange;CHF
BBVA;BANCO BILBAO VIZCAYA ARGENTARIA SA;Finanziari;Azionario;132.961.975,32;0,98;132.961.975,32;6.797.647,00;19,56;Spagna;Bolsa De Madrid;EUR
TTE;TOTALENERGIES;Energia;Azionario;130.189.069,50;0,96;130.189.069,50;2.345.749,00;55,50;Francia;Nyse Euronext - Euronext Paris;EUR
RR.;ROLLS-ROYCE HOLDINGS PLC;Industriali;Azionario;126.305.191,52;0,93;126.305.191,52;9.956.556,00;12,69;Regno unito;London Stock Exchange;GBP
BATS;BRITISH AMERICAN TOBACCO;Generi di largo consumo;Azionario;126.288.969,86;0,93;126.288.969,86;2.580.912,00;48,93;Regno unito;London Stock Exchange;GBP
SAF;SAFRAN SA;Industriali;Azionario;124.432.412,00;0,92;124.432.412,00;424.684,00;293,00;Francia;Nyse Euronext - Euronext Paris;EUR
ABBN;ABB LTD;Industriali;Azionario;117.276.331,37;0,87;117.276.331,37;1.861.011,00;63,02;Svizzera;SIX Swiss Exchange;CHF
DTE;DEUTSCHE TELEKOM N AG;Comunicazione;Azionario;115.356.852,80;0,85;115.356.852,80;4.343.255,00;26,56;Germania;Xetra;EUR
UCG;UNICREDIT;Finanziari;Azionario;113.920.968,33;0,84;113.920.968,33;1.650.311,00;69,03;Italia;Borsa Italiana;EUR
CFR;COMPAGNIE FINANCIERE RICHEMONT SA;Consumi Discrezionali;Azionario;113.788.097,89;0,84;113.788.097,89;634.051,00;179,46;Svizzera;SIX Swiss Exchange;CHF
ENR;SIEMENS ENERGY N AG;Industriali;Azionario;109.560.095,00;0,81;109.560.095,00;914.525,00;119,80;Germania;Xetra;EUR
AI;LAIR LIQUIDE SOCIETE ANONYME POUR;Materiali;Azionario;109.146.017,64;0,81;109.146.017,64;683.958,00;159,58;Francia;Nyse Euronext - Euronext Paris;EUR
ZURN;ZURICH INSURANCE GROUP AG;Finanziari;Azionario;108.470.540,38;0,80;108.470.540,38;171.836,00;631,24;Svizzera;SIX Swiss Exchange;CHF
OR;LOREAL SA;Generi di largo consumo;Azionario;105.882.064,80;0,78;105.882.064,80;283.714,00;373,20;Francia;Nyse Euronext - Euronext Paris;EUR
SAN;SANOFI SA;Salute;Azionario;105.270.451,00;0,78;105.270.451,00;1.306.085,00;80,60;Francia;Nyse Euronext - Euronext Paris;EUR
GSK;GLAXOSMITHKLINE;Salute;Azionario;100.626.357,32;0,74;100.626.357,32;4.819.522,00;20,88;Regno unito;London Stock Exchange;GBP
EL;ESSILORLUXOTTICA SA;Salute;Azionario;100.296.257,50;0,74;100.296.257,50;355.031,00;282,50;Francia;Nyse Euronext - Euronext Paris;EUR
ISP;INTESA SANPAOLO;Finanziari;Azionario;97.258.864,44;0,72;97.258.864,44;16.800.633,00;5,79;Italia;Borsa Italiana;EUR
BNP;BNP PARIBAS SA;Finanziari;Azionario;94.787.739,48;0,70;94.787.739,48;1.198.631,00;79,08;Francia;Nyse Euronext - Euronext Paris;EUR
BP.;BP PLC;Energia;Azionario;92.844.749,32;0,69;92.844.749,32;18.638.118,00;4,98;Regno unito;London Stock Exchange;GBP
SPOT;SPOTIFY TECHNOLOGY SA;Comunicazione;Azionario;90.589.365,87;0,67;90.589.365,87;184.624,00;490,67;Svezia;New York Stock Exchange Inc.;USD
MUV2;MUENCHENER RUECKVERSICHERUNGS-GESE;Finanziari;Azionario;85.626.548,00;0,63;85.626.548,00;154.060,00;555,80;Germania;Xetra;EUR
BARC;BARCLAYS PLC;Finanziari;Azionario;85.309.469,04;0,63;85.309.469,04;16.492.080,00;5,17;Regno unito;London Stock Exchange;GBP
RHM;RHEINMETALL AG;Industriali;Azionario;85.176.702,00;0,63;85.176.702,00;54.132,00;1.573,50;Germania;Xetra;EUR
ENEL;ENEL;Imprese di servizi di pubblica utilità;Azionario;85.151.120,74;0,63;85.151.120,74;9.606.399,00;8,86;Italia;Borsa Italiana;EUR
RIO;RIO TINTO PLC;Materiali;Azionario;84.929.681,98;0,63;84.929.681,98;1.324.250,00;64,13;Regno unito;London Stock Exchange;GBP
CS;AXA SA;Finanziari;Azionario;84.787.110,24;0,63;84.787.110,24;2.081.176,00;40,74;Francia;Nyse Euronext - Euronext Paris;EUR
INGA;ING GROEP NV;Finanziari;Azionario;83.138.557,05;0,61;83.138.557,05;3.564.354,00;23,32;Paesi Bassi;Euronext Amsterdam;EUR
PRX;PROSUS NV CLASS N;Consumi Discrezionali;Azionario;81.646.918,00;0,60;81.646.918,00;1.543.420,00;52,90;Paesi Bassi;Euronext Amsterdam;EUR
RMS;HERMES INTERNATIONAL;Consumi Discrezionali;Azionario;80.222.256,00;0,59;80.222.256,00;37.278,00;2.152,00;Francia;Nyse Euronext - Euronext Paris;EUR
REL;RELX PLC;Industriali;Azionario;75.622.965,04;0,56;75.622.965,04;2.158.238,00;35,04;Regno unito;London Stock Exchange;GBP
NG.;NATIONAL GRID PLC;Imprese di servizi di pubblica utilità;Azionario;75.124.726,31;0,55;75.124.726,31;5.858.921,00;12,82;Regno unito;London Stock Exchange;GBP
LLOY;LLOYDS BANKING GROUP PLC;Finanziari;Azionario;73.257.468,66;0,54;73.257.468,66;67.617.933,00;1,08;Regno unito;London Stock Exchange;GBP
ITX;INDUSTRIA DE DISENO TEXTIL SA;Consumi Discrezionali;Azionario;70.771.482,60;0,52;70.771.482,60;1.296.181,00;54,60;Spagna;Bolsa De Madrid;EUR
DBK;DEUTSCHE BANK AG;Finanziari;Azionario;70.347.104,80;0,52;70.347.104,80;2.191.840,00;32,09;Germania;Xetra;EUR
DG;VINCI SA;Industriali;Azionario;70.168.320,90;0,52;70.168.320,90;584.006,00;120,15;Francia;Nyse Euronext - Euronext Paris;EUR
BA.;BAE SYSTEMS PLC;Industriali;Azionario;68.239.573,39;0,50;68.239.573,39;3.538.541,00;19,28;Regno unito;London Stock Exchange;GBP
NWG;NATWEST GROUP PLC;Finanziari;Azionario;68.053.270,99;0,50;68.053.270,99;9.482.956,00;7,18;Regno unito;London Stock Exchange;GBP
ABI;ANHEUSER-BUSCH INBEV SA;Generi di largo consumo;Azionario;64.121.029,78;0,47;64.121.029,78;1.166.261,00;54,98;Belgio;Nyse Euronext - Euronext Brussels;EUR
INVE B;INVESTOR CLASS B;Finanziari;Azionario;63.667.682,35;0,47;63.667.682,35;2.151.068,00;29,60;Svezia;Nasdaq Omx Nordic;SEK
BN;DANONE SA;Generi di largo consumo;Azionario;58.984.058,16;0,44;58.984.058,16;765.629,00;77,04;Francia;Nyse Euronext - Euronext Paris;EUR
NDA FI;NORDEA BANK;Finanziari;Azionario;57.168.370,14;0,42;57.168.370,14;3.707.417,00;15,42;Finlandia;Nasdaq Omx Helsinki Ltd.;EUR
IFX;INFINEON TECHNOLOGIES AG;IT;Azionario;55.431.399,74;0,41;55.431.399,74;1.545.988,00;35,85;Germania;Xetra;EUR
LSEG;LONDON STOCK EXCHANGE GROUP PLC;Finanziari;Azionario;55.163.315,29;0,41;55.163.315,29;561.974,00;98,16;Regno unito;London Stock Exchange;GBP
RKT;RECKITT BENCKISER GROUP PLC;Generi di largo consumo;Azionario;54.416.739,00;0,40;54.416.739,00;799.641,00;68,05;Regno unito;London Stock Exchange;GBP
GLE;SOCIETE GENERALE SA;Finanziari;Azionario;54.391.942,22;0,40;54.391.942,22;845.383,00;64,34;Francia;Nyse Euronext - Euronext Paris;EUR
DHL;DEUTSCHE POST AG;Industriali;Azionario;53.010.626,10;0,39;53.010.626,10;1.125.491,00;47,10;Germania;Xetra;EUR
CPG;COMPASS GROUP PLC;Consumi Discrezionali;Azionario;52.759.687,55;0,39;52.759.687,55;1.979.974,00;26,65;Regno unito;London Stock Exchange;GBP
GLEN;GLENCORE PLC;Materiali;Azionario;52.166.622,85;0,39;52.166.622,85;12.030.091,00;4,34;Regno unito;London Stock Exchange;GBP
ARGX;ARGENX;Salute;Azionario;51.963.163,20;0,38;51.963.163,20;71.812,00;723,60;Belgio;Nyse Euronext - Euronext Brussels;EUR
MBG;MERCEDES-BENZ GROUP N AG;Consumi Discrezionali;Azionario;51.534.444,00;0,38;51.534.444,00;845.520,00;60,95;Germania;Xetra;EUR
DSV;DSV;Industriali;Azionario;50.531.175,02;0,37;50.531.175,02;240.439,00;210,16;Danimarca;Omx Nordic Exchange Copenhagen A/S;DKK
VOLV B;VOLVO CLASS B;Industriali;Azionario;50.313.949,25;0,37;50.313.949,25;1.859.986,00;27,05;Svezia;Nasdaq Omx Nordic;SEK
DGE;DIAGEO PLC;Generi di largo consumo;Azionario;49.639.266,14;0,37;49.639.266,14;2.622.025,00;18,93;Regno unito;London Stock Exchange;GBP
HOLN;HOLCIM LTD AG;Materiali;Azionario;49.369.868,44;0,36;49.369.868,44;607.891,00;81,21;Svizzera;SIX Swiss Exchange;CHF
SREN;SWISS RE AG;Finanziari;Azionario;49.341.477,29;0,36;49.341.477,29;353.225,00;139,69;Svizzera;SIX Swiss Exchange;CHF
ATCO A;ATLAS COPCO CLASS A;Industriali;Azionario;48.138.834,93;0,36;48.138.834,93;3.167.508,00;15,20;Svezia;Nasdaq Omx Nordic;SEK
DB1;DEUTSCHE BOERSE AG;Finanziari;Azionario;47.999.034,80;0,35;47.999.034,80;221.807,00;216,40;Germania;Xetra;EUR
LONN;LONZA GROUP AG;Salute;Azionario;47.383.043,76;0,35;47.383.043,76;84.704,00;559,39;Svizzera;SIX Swiss Exchange;CHF
CABK;CAIXABANK SA;Finanziari;Azionario;47.230.618,50;0,35;47.230.618,50;4.662.450,00;10,13;Spagna;Bolsa De Madrid;EUR
RACE;FERRARI NV;Consumi Discrezionali;Azionario;46.604.508,00;0,34;46.604.508,00;148.422,00;314,00;Italia;Borsa Italiana;EUR
ENGI;ENGIE SA;Imprese di servizi di pubblica utilità;Azionario;46.344.421,50;0,34;46.344.421,50;2.130.778,00;21,75;Francia;Nyse Euronext - Euronext Paris;EUR
BAS;BASF N;Materiali;Azionario;46.227.134,25;0,34;46.227.134,25;1.044.681,00;44,25;Germania;Xetra;EUR
SGO;COMPAGNIE DE SAINT GOBAIN SA;Industriali;Azionario;46.124.938,80;0,34;46.124.938,80;526.180,00;87,66;Francia;Nyse Euronext - Euronext Paris;EUR
STAN;STANDARD CHARTERED PLC;Finanziari;Azionario;46.095.120,02;0,34;46.095.120,02;2.299.281,00;20,05;Regno unito;London Stock Exchange;GBP
HLN;HALEON PLC;Salute;Azionario;44.743.314,50;0,33;44.743.314,50;10.651.055,00;4,20;Regno unito;London Stock Exchange;GBP
AAL;ANGLO AMERICAN PLC;Materiali;Azionario;42.828.994,25;0,32;42.828.994,25;1.318.747,00;32,48;Regno unito;London Stock Exchange;GBP
BAYN;BAYER AG;Salute;Azionario;41.537.484,00;0,31;41.537.484,00;1.153.819,00;36,00;Germania;Xetra;EUR
EXPN;EXPERIAN PLC;Industriali;Azionario;41.478.481,06;0,31;41.478.481,06;1.076.380,00;38,54;Regno unito;London Stock Exchange;GBP
III;3I GROUP PLC;Finanziari;Azionario;40.930.799,40;0,30;40.930.799,40;1.139.263,00;35,93;Regno unito;London Stock Exchange;GBP
EOAN;E.ON N;Imprese di servizi di pubblica utilità;Azionario;40.599.188,13;0,30;40.599.188,13;2.644.037,00;15,36;Germania;Xetra;EUR
ADYEN;ADYEN NV;Finanziari;Azionario;39.758.264,00;0,29;39.758.264,00;29.407,00;1.352,00;Paesi Bassi;Euronext Amsterdam;EUR
ALC;ALCON AG;Salute;Azionario;39.506.981,13;0,29;39.506.981,13;584.293,00;67,61;Svizzera;SIX Swiss Exchange;CHF
LR;LEGRAND SA;Industriali;Azionario;38.891.195,80;0,29;38.891.195,80;309.151,00;125,80;Francia;Nyse Euronext - Euronext Paris;EUR
TSCO;TESCO PLC;Generi di largo consumo;Azionario;38.392.709,70;0,28;38.392.709,70;7.679.932,00;5,00;Regno unito;London Stock Exchange;GBP
ASSA B;ASSA ABLOY B;Industriali;Azionario;38.381.141,46;0,28;38.381.141,46;1.166.705,00;32,90;Svezia;Nasdaq Omx Nordic;SEK
ENI;ENI;Energia;Azionario;38.331.111,56;0,28;38.331.111,56;2.414.102,00;15,88;Italia;Borsa Italiana;EUR
PRU;PRUDENTIAL PLC;Finanziari;Azionario;38.148.414,96;0,28;38.148.414,96;3.027.598,00;12,60;Regno unito;London Stock Exchange;GBP
AD;KONINKLIJKE AHOLD DELHAIZE NV;Generi di largo consumo;Azionario;37.404.275,10;0,28;37.404.275,10;1.077.933,00;34,70;Paesi Bassi;Euronext Amsterdam;EUR
GIVN;GIVAUDAN SA;Materiali;Azionario;36.173.283,53;0,27;36.173.283,53;10.823,00;3.342,24;Svizzera;SIX Swiss Exchange;CHF
HEI;HEIDELBERG MATERIALS AG;Materiali;Azionario;35.646.088,40;0,26;35.646.088,40;159.419,00;223,60;Germania;Xetra;EUR
UCB;UCB SA;Salute;Azionario;35.509.281,60;0,26;35.509.281,60;149.136,00;238,10;Belgio;Nyse Euronext - Euronext Brussels;EUR
G;ASSICURAZIONI GENERALI;Finanziari;Azionario;34.759.366,28;0,26;34.759.366,28;1.011.623,00;34,36;Italia;Borsa Italiana;EUR
SSE;SSE PLC;Imprese di servizi di pubblica utilità;Azionario;34.629.141,32;0,26;34.629.141,32;1.423.684,00;24,32;Regno unito;London Stock Exchange;GBP
EBS;ERSTE GROUP BANK AG;Finanziari;Azionario;34.600.944,00;0,26;34.600.944,00;356.160,00;97,15;Austria;Wiener Boerse Ag;EUR
EUR;EUR CASH;Liquidità e/o derivati;Contanti;34.453.515,27;0,25;34.453.515,27;34.453.515,00;100,00;Unione Europea;--;EUR
FER;FERROVIAL;Industriali;Azionario;34.428.326,40;0,25;34.428.326,40;597.714,00;57,60;Spagna;Bolsa De Madrid;EUR
SAND;SANDVIK;Industriali;Azionario;34.130.629,09;0,25;34.130.629,09;1.272.939,00;26,81;Svezia;Nasdaq Omx Nordic;SEK
IMB;IMPERIAL BRANDS PLC;Generi di largo consumo;Azionario;33.605.020,41;0,25;33.605.020,41;917.902,00;36,61;Regno unito;London Stock Exchange;GBP
ADS;ADIDAS N AG;Consumi Discrezionali;Azionario;33.300.706,25;0,25;33.300.706,25;200.305,00;166,25;Germania;Xetra;EUR
DANSKE;DANSKE BANK;Finanziari;Azionario;33.080.455,90;0,24;33.080.455,90;806.807,00;41,00;Danimarca;Omx Nordic Exchange Copenhagen A/S;DKK
NOKIA;NOKIA;IT;Azionario;32.880.731,34;0,24;32.880.731,34;6.229.771,00;5,28;Finlandia;Nasdaq Omx Helsinki Ltd.;EUR
RWE;RWE AG;Imprese di servizi di pubblica utilità;Azionario;32.753.047,23;0,24;32.753.047,23;748.299,00;43,77;Germania;Xetra;EUR
AMS;AMADEUS IT GROUP SA;Consumi Discrezionali;Azionario;32.750.579,08;0,24;32.750.579,08;526.706,00;62,18;Spagna;Bolsa De Madrid;EUR
GALD;GALDERMA GROUP N AG;Salute;Azionario;32.510.855,72;0,24;32.510.855,72;182.407,00;178,23;Svizzera;SIX Swiss Exchange;CHF
BMW;BMW AG;Consumi Discrezionali;Azionario;32.361.771,08;0,24;32.361.771,08;340.006,00;95,18;Germania;Xetra;EUR
SLHN;SWISS LIFE HOLDING AG;Finanziari;Azionario;31.772.012,08;0,23;31.772.012,08;33.389,00;951,57;Svizzera;SIX Swiss Exchange;CHF
SIKA;SIKA AG;Materiali;Azionario;31.357.729,99;0,23;31.357.729,99;180.429,00;173,79;Svizzera;SIX Swiss Exchange;CHF
SEB A;SKANDINAVISKA ENSKILDA BANKEN;Finanziari;Azionario;31.199.945,99;0,23;31.199.945,99;1.787.296,00;17,46;Svezia;Nasdaq Omx Nordic;SEK
CBK;COMMERZBANK AG;Finanziari;Azionario;30.467.076,12;0,22;30.467.076,12;866.034,00;35,18;Germania;Xetra;EUR
ORA;ORANGE SA;Comunicazione;Azionario;30.360.884,40;0,22;30.360.884,40;2.190.540,00;13,86;Francia;Nyse Euronext - Euronext Paris;EUR
KBC;KBC GROEP;Finanziari;Azionario;30.030.133,65;0,22;30.030.133,65;271.643,00;110,55;Belgio;Nyse Euronext - Euronext Brussels;EUR
RYA;RYANAIR HOLDINGS PLC;Industriali;Azionario;29.966.267,52;0,22;29.966.267,52;1.012.032,00;29,61;Irlanda;Irish Stock Exchange - All Market;EUR
SDZ;SANDOZ GROUP AG;Salute;Azionario;29.856.094,18;0,22;29.856.094,18;483.956,00;61,69;Svizzera;SIX Swiss Exchange;CHF
AHT;ASHTEAD GROUP PLC;Industriali;Azionario;29.702.881,79;0,22;29.702.881,79;500.842,00;59,31;Regno unito;London Stock Exchange;GBP
SAMPO;SAMPO CLASS A;Finanziari;Azionario;28.897.271,42;0,21;28.897.271,42;2.888.283,00;10,01;Finlandia;Nasdaq Omx Helsinki Ltd.;EUR
SWED A;SWEDBANK;Finanziari;Azionario;28.731.401,88;0,21;28.731.401,88;1.009.469,00;28,46;Svezia;Nasdaq Omx Nordic;SEK
ASM;ASM INTERNATIONAL NV;IT;Azionario;28.521.445,20;0,21;28.521.445,20;55.317,00;515,60;Paesi Bassi;Euronext Amsterdam;EUR
CAP;CAPGEMINI;IT;Azionario;28.337.164,20;0,21;28.337.164,20;190.566,00;148,70;Francia;Nyse Euronext - Euronext Paris;EUR
PRY;PRYSMIAN;Industriali;Azionario;28.122.448,76;0,21;28.122.448,76;334.234,00;84,14;Italia;Borsa Italiana;EUR
UMG;UNIVERSAL MUSIC GROUP NV;Comunicazione;Azionario;27.939.347,50;0,21;27.939.347,50;1.285.750,00;21,73;Paesi Bassi;Euronext Amsterdam;EUR
VWS;VESTAS WIND SYSTEMS;Industriali;Azionario;27.402.841,24;0,20;27.402.841,24;1.193.649,00;22,96;Danimarca;Omx Nordic Exchange Copenhagen A/S;DKK
ERIC B;ERICSSON B;IT;Azionario;27.369.850,60;0,20;27.369.850,60;3.343.962,00;8,18;Svezia;Nasdaq Omx Nordic;SEK
PGHN;PARTNERS GROUP HOLDING AG;Finanziari;Azionario;27.208.806,31;0,20;27.208.806,31;26.448,00;1.028,76;Svizzera;SIX Swiss Exchange;CHF
AV.;AVIVA PLC;Finanziari;Azionario;27.006.754,48;0,20;27.006.754,48;3.558.857,00;7,59;Regno unito;London Stock Exchange;GBP
KER;KERING SA;Consumi Discrezionali;Azionario;26.502.822,30;0,20;26.502.822,30;87.166,00;304,05;Francia;Nyse Euronext - Euronext Paris;EUR
VOW3;VOLKSWAGEN NON-VOTING PREF AG;Consumi Discrezionali;Azionario;26.417.070,60;0,20;26.417.070,60;245.969,00;107,40;Germania;Xetra;EUR
GEBN;GEBERIT AG;Industriali;Azionario;26.023.808,02;0,19;26.023.808,02;39.296,00;662,25;Svizzera;SIX Swiss Exchange;CHF
AER;AERCAP HOLDINGS NV;Industriali;Azionario;26.013.417,22;0,19;26.013.417,22;215.800,00;120,54;Paesi Bassi;New York Stock Exchange Inc.;USD
WKL;WOLTERS KLUWER NV;Industriali;Azionario;25.830.040,64;0,19;25.830.040,64;281.128,00;91,88;Paesi Bassi;Euronext Amsterdam;EUR
HO;THALES SA;Industriali;Azionario;25.057.885,50;0,18;25.057.885,50;108.335,00;231,30;Francia;Nyse Euronext - Euronext Paris;EUR
ATCO B;ATLAS COPCO CLASS B;Industriali;Azionario;24.939.038,51;0,18;24.939.038,51;1.832.081,00;13,61;Svezia;Nasdaq Omx Nordic;SEK
VOD;VODAFONE GROUP PLC;Comunicazione;Azionario;24.637.889,00;0,18;24.637.889,00;22.631.781,00;1,09;Regno unito;London Stock Exchange;GBP
DNB;DNB BANK;Finanziari;Azionario;24.575.381,60;0,18;24.575.381,60;1.058.257,00;23,22;Norvegia;Oslo Bors Asa;NOK
PUB;PUBLICIS GROUPE SA;Comunicazione;Azionario;24.553.426,56;0,18;24.553.426,56;274.524,00;89,44;Francia;Nyse Euronext - Euronext Paris;EUR
HEXA B;HEXAGON CLASS B;IT;Azionario;24.304.394,62;0,18;24.304.394,62;2.446.770,00;9,93;Svezia;Nasdaq Omx Nordic;SEK
FRE;FRESENIUS SE AND CO KGAA;Salute;Azionario;24.272.649,50;0,18;24.272.649,50;500.467,00;48,50;Germania;Xetra;EUR
KNEBV;KONE;Industriali;Azionario;24.157.807,56;0,18;24.157.807,56;403.437,00;59,88;Finlandia;Nasdaq Omx Helsinki Ltd.;EUR
STLAM;STELLANTIS NV;Consumi Discrezionali;Azionario;23.746.616,32;0,18;23.746.616,32;2.348.360,00;10,11;Italia;Borsa Italiana;EUR
HEIA;HEINEKEN NV;Generi di largo consumo;Azionario;23.457.546,40;0,17;23.457.546,40;336.068,00;69,80;Paesi Bassi;Euronext Amsterdam;EUR
LDO;LEONARDO FINMECCANICA SPA;Industriali;Azionario;22.878.135,45;0,17;22.878.135,45;475.143,00;48,15;Italia;Borsa Italiana;EUR
MTX;MTU AERO ENGINES HOLDING AG;Industriali;Azionario;22.644.355,20;0,17;22.644.355,20;63.751,00;355,20;Germania;Xetra;EUR
ML;MICHELIN;Consumi Discrezionali;Azionario;22.453.863,84;0,17;22.453.863,84;795.672,00;28,22;Francia;Nyse Euronext - Euronext Paris;EUR
A5G;AIB GROUP PLC;Finanziari;Azionario;22.331.466,17;0,16;22.331.466,17;2.471.662,00;9,04;Irlanda;Irish Stock Exchange - All Market;EUR
REP;REPSOL SA;Energia;Azionario;22.118.061,65;0,16;22.118.061,65;1.406.554,00;15,73;Spagna;Bolsa De Madrid;EUR
MT;ARCELORMITTAL SA;Materiali;Azionario;21.987.300,50;0,16;21.987.300,50;560.186,00;39,25;Francia;Euronext Amsterdam;EUR
NSIS B;NOVOZYMES B;Materiali;Azionario;21.790.368,43;0,16;21.790.368,43;415.900,00;52,39;Danimarca;Omx Nordic Exchange Copenhagen A/S;DKK
VIE;VEOLIA ENVIRON. SA;Imprese di servizi di pubblica utilità;Azionario;21.621.661,19;0,16;21.621.661,19;738.697,00;29,27;Francia;Nyse Euronext - Euronext Paris;EUR
AENA;AENA SME SA;Industriali;Azionario;21.343.696,62;0,16;21.343.696,62;896.041,00;23,82;Spagna;Bolsa De Madrid;EUR
NXT;NEXT PLC;Consumi Discrezionali;Azionario;21.304.144,53;0,16;21.304.144,53;139.511,00;152,71;Regno unito;London Stock Exchange;GBP
DTG;DAIMLER TRUCK HOLDING E AG;Industriali;Azionario;21.244.396,56;0,16;21.244.396,56;568.488,00;37,37;Germania;Xetra;EUR
ACA;CREDIT AGRICOLE SA;Finanziari;Azionario;21.078.571,52;0,16;21.078.571,52;1.228.713,00;17,16;Francia;Nyse Euronext - Euronext Paris;EUR
VNA;VONOVIA SE;Immobili;Azionario;20.891.698,36;0,15;20.891.698,36;880.763,00;23,72;Germania;Xetra;EUR
SHB A;SVENSKA HANDELSBANKEN-A SHS;Finanziari;Azionario;20.608.725,34;0,15;20.608.725,34;1.739.363,00;11,85;Svezia;Nasdaq Omx Nordic;SEK
PHIA;KONINKLIJKE PHILIPS NV;Salute;Azionario;20.545.000,08;0,15;20.545.000,08;909.876,00;22,58;Paesi Bassi;Euronext Amsterdam;EUR
HBAN;HELVETIA BALOISE HOLDING N AG;Finanziari;Azionario;20.433.369,33;0,15;20.433.369,33;94.144,00;217,04;Svizzera;SIX Swiss Exchange;CHF
NN;NN GROUP NV;Finanziari;Azionario;20.387.994,88;0,15;20.387.994,88;317.768,00;64,16;Paesi Bassi;Euronext Amsterdam;EUR
ABN;ABN AMRO BANK NV;Finanziari;Azionario;20.289.430,25;0,15;20.289.430,25;688.945,00;29,45;Paesi Bassi;Euronext Amsterdam;EUR
IHG;INTERCONTINENTAL HOTELS GROUP PLC;Consumi Discrezionali;Azionario;20.139.010,24;0,15;20.139.010,24;171.120,00;117,69;Regno unito;London Stock Exchange;GBP
GMAB;GENMAB;Salute;Azionario;20.072.543,65;0,15;20.072.543,65;74.491,00;269,46;Danimarca;Omx Nordic Exchange Copenhagen A/S;DKK
SAB;BANCO DE SABADELL SA;Finanziari;Azionario;19.883.566,55;0,15;19.883.566,55;5.935.393,00;3,35;Spagna;Bolsa De Madrid;EUR
BMPS;BANCA MONTE DEI PASCHI DI SIENA SP;Finanziari;Azionario;19.555.019,06;0,14;19.555.019,06;2.331.031,00;8,39;Italia;Borsa Italiana;EUR
LGEN;LEGAL AND GENERAL GROUP PLC;Finanziari;Azionario;19.518.967,73;0,14;19.518.967,73;6.875.554,00;2,84;Regno unito;London Stock Exchange;GBP
CCEP;COCA COLA EUROPACIFIC PARTNERS PLC;Generi di largo consumo;Azionario;19.204.732,04;0,14;19.204.732,04;245.699,00;78,16;Paesi Bassi;NASDAQ;USD
BIRG;BANK OF IRELAND GROUP PLC;Finanziari;Azionario;19.143.001,75;0,14;19.143.001,75;1.195.317,00;16,02;Irlanda;Irish Stock Exchange - All Market;EUR
DSY;DASSAULT SYSTEMES;IT;Azionario;19.059.879,20;0,14;19.059.879,20;807.622,00;23,60;Francia;Nyse Euronext - Euronext Paris;EUR
ACS;ACS ACTIVIDADES DE CONSTRUCCION Y;Industriali;Azionario;18.949.862,85;0,14;18.949.862,85;218.947,00;86,55;Spagna;Bolsa De Madrid;EUR
BPE;BPER BANCA;Finanziari;Azionario;18.947.854,12;0,14;18.947.854,12;1.719.406,00;11,02;Italia;Borsa Italiana;EUR
SGSN;SGS SA;Industriali;Azionario;18.560.151,95;0,14;18.560.151,95;195.928,00;94,73;Svizzera;SIX Swiss Exchange;CHF
SCMN;SWISSCOM AG;Comunicazione;Azionario;18.349.136,43;0,14;18.349.136,43;30.701,00;597,67;Svizzera;SIX Swiss Exchange;CHF
HNR1;HANNOVER RUECK;Finanziari;Azionario;18.220.494,60;0,13;18.220.494,60;69.597,00;261,80;Germania;Xetra;EUR
RI;PERNOD RICARD SA;Generi di largo consumo;Azionario;18.145.638,96;0,13;18.145.638,96;237.882,00;76,28;Francia;Nyse Euronext - Euronext Paris;EUR
EQT;EQT;Finanziari;Azionario;17.992.111,80;0,13;17.992.111,80;582.626,00;30,88;Svezia;Nasdaq Omx Nordic;SEK
MRK;MERCK;Salute;Azionario;17.988.275,20;0,13;17.988.275,20;151.928,00;118,40;Germania;Xetra;EUR
HLMA;HALMA PLC;IT;Azionario;17.928.310,10;0,13;17.928.310,10;446.003,00;40,20;Regno unito;London Stock Exchange;GBP
STMPA;STMICROELECTRONICS NV;IT;Azionario;17.746.949,97;0,13;17.746.949,97;790.334,00;22,45;Francia;Nyse Euronext - Euronext Paris;EUR
SAAB B;SAAB CLASS B;Industriali;Azionario;17.724.479,88;0,13;17.724.479,88;380.457,00;46,59;Svezia;Nasdaq Omx Nordic;SEK
KPN;KONINKLIJKE KPN NV;Comunicazione;Azionario;17.704.614,70;0,13;17.704.614,70;4.503.845,00;3,93;Paesi Bassi;Euronext Amsterdam;EUR
EQNR;EQUINOR;Energia;Azionario;17.669.540,71;0,13;17.669.540,71;906.246,00;19,50;Norvegia;Oslo Bors Asa;NOK
SHL;SIEMENS HEALTHINEERS AG;Salute;Azionario;17.589.214,16;0,13;17.589.214,16;396.332,00;44,38;Germania;Xetra;EUR
WRT1V;WARTSILA;Industriali;Azionario;17.573.856,69;0,13;17.573.856,69;576.381,00;30,49;Finlandia;Nasdaq Omx Helsinki Ltd.;EUR
NBIS;NEBIUS NV CLASS A;IT;Azionario;17.081.099,58;0,13;17.081.099,58;247.617,00;68,98;Paesi Bassi;NASDAQ;USD
ESSITY B;ESSITY CLASS B;Generi di largo consumo;Azionario;17.046.788,27;0,13;17.046.788,27;707.065,00;24,11;Svezia;Nasdaq Omx Nordic;SEK
BAMI;BANCO BPM;Finanziari;Azionario;16.958.259,20;0,13;16.958.259,20;1.335.296,00;12,70;Italia;Borsa Italiana;EUR
LOGN;LOGITECH INTERNATIONAL SA;IT;Azionario;16.622.687,35;0,12;16.622.687,35;174.726,00;95,14;Svizzera;SIX Swiss Exchange;CHF
ANTO;ANTOFAGASTA PLC;Materiali;Azionario;16.482.022,15;0,12;16.482.022,15;476.113,00;34,62;Regno unito;London Stock Exchange;GBP
BAER;JULIUS BAER GRUPPE AG;Finanziari;Azionario;15.859.826,29;0,12;15.859.826,29;243.974,00;65,01;Svizzera;SIX Swiss Exchange;CHF
TEF;TELEFONICA SA;Comunicazione;Azionario;15.716.212,68;0,12;15.716.212,68;4.325.960,00;3,63;Spagna;Bolsa De Madrid;EUR
INF;INFORMA PLC;Comunicazione;Azionario;15.566.321,16;0,11;15.566.321,16;1.534.198,00;10,15;Regno unito;London Stock Exchange;GBP
MONC;MONCLER;Consumi Discrezionali;Azionario;15.316.246,00;0,11;15.316.246,00;271.084,00;56,50;Italia;Borsa Italiana;EUR
SCHP;SCHINDLER HOLDING PAR AG;Industriali;Azionario;15.235.718,72;0,11;15.235.718,72;48.272,00;315,62;Svizzera;SIX Swiss Exchange;CHF
EPI A;EPIROC CLASS A;Industriali;Azionario;15.193.791,89;0,11;15.193.791,89;778.073,00;19,53;Svezia;Nasdaq Omx Nordic;SEK
FBK;FINECOBANK BANCA FINECO;Finanziari;Azionario;15.062.382,70;0,11;15.062.382,70;713.857,00;21,10;Italia;Borsa Italiana;EUR
UPM;UPM-KYMMENE;Materiali;Azionario;15.013.533,36;0,11;15.013.533,36;635.628,00;23,62;Finlandia;Nasdaq Omx Helsinki Ltd.;EUR
BOL;BOLIDEN;Materiali;Azionario;14.999.941,92;0,11;14.999.941,92;336.054,00;44,64;Svezia;Nasdaq Omx Nordic;SEK
DSFIR;DSM FIRMENICH AG;Materiali;Azionario;14.902.485,64;0,11;14.902.485,64;220.843,00;67,48;Paesi Bassi;Euronext Amsterdam;EUR
CLNX;CELLNEX TELECOM SA;Comunicazione;Azionario;14.840.775,00;0,11;14.840.775,00;580.625,00;25,56;Spagna;Bolsa De Madrid;EUR
BT.A;BT GROUP PLC;Comunicazione;Azionario;14.782.056,35;0,11;14.782.056,35;7.018.651,00;2,11;Regno unito;London Stock Exchange;GBP
TRN;TERNA RETE ELETTRICA NAZIONALE;Imprese di servizi di pubblica utilità;Azionario;14.684.247,45;0,11;14.684.247,45;1.659.237,00;8,85;Italia;Borsa Italiana;EUR
KRZ;KERRY GROUP PLC;Generi di largo consumo;Azionario;14.659.670,25;0,11;14.659.670,25;193.527,00;75,75;Irlanda;Irish Stock Exchange - All Market;EUR
LISP;CHOCOLADEFABRIKEN LINDT & SPRUENGL;Generi di largo consumo;Azionario;14.548.455,06;0,11;14.548.455,06;1.170,00;12.434,51;Svizzera;SIX Swiss Exchange;CHF
LISN;CHOCOLADEFABRIKEN LINDT & SPRUENGL;Generi di largo consumo;Azionario;14.461.316,79;0,11;14.461.316,79;116,00;124.665,88;Svizzera;SIX Swiss Exchange;CHF
EDP;EDP ENERGIAS DE PORTUGAL SA;Imprese di servizi di pubblica utilità;Azionario;14.412.495,28;0,11;14.412.495,28;3.804.777,00;3,79;Portogallo;Nyse Euronext - Euronext Lisbon;EUR
ALFA;ALFA LAVAL;Industriali;Azionario;14.320.920,97;0,11;14.320.920,97;339.448,00;42,19;Svezia;Nasdaq Omx Nordic;SEK
SGE;THE SAGE GROUP PLC;IT;Azionario;14.240.018,20;0,11;14.240.018,20;1.149.885,00;12,38;Regno unito;London Stock Exchange;GBP
RTO;RENTOKIL INITIAL PLC;Industriali;Azionario;14.099.821,86;0,10;14.099.821,86;2.880.848,00;4,89;Regno unito;London Stock Exchange;GBP
HEN3;HENKEL & KGAA PREF AG;Generi di largo consumo;Azionario;13.979.700,00;0,10;13.979.700,00;199.710,00;70,00;Germania;Xetra;EUR
SN.;SMITH AND NEPHEW PLC;Salute;Azionario;13.918.822,17;0,10;13.918.822,17;1.013.931,00;13,73;Regno unito;London Stock Exchange;GBP
KRX;KINGSPAN GROUP PLC;Industriali;Azionario;13.516.229,30;0,10;13.516.229,30;180.457,00;74,90;Irlanda;Irish Stock Exchange - All Market;EUR
STMN;STRAUMANN HOLDING AG;Salute;Azionario;13.245.520,09;0,10;13.245.520,09;129.370,00;102,38;Svizzera;SIX Swiss Exchange;CHF
SOON;SONOVA HOLDING AG;Salute;Azionario;13.226.715,98;0,10;13.226.715,98;60.082,00;220,14;Svizzera;SIX Swiss Exchange;CHF
URW;UNIBAIL RODAMCO WE STAPLED UNITS;Immobili;Azionario;13.082.380,50;0,10;13.082.380,50;142.665,00;91,70;Francia;Nyse Euronext - Euronext Paris;EUR
RO;ROCHE HOLDING AG;Salute;Azionario;13.078.372,44;0,10;13.078.372,44;36.866,00;354,75;Svizzera;SIX Swiss Exchange;CHF
VACN;VAT GROUP AG;Industriali;Azionario;13.053.325,48;0,10;13.053.325,48;31.105,00;419,65;Svizzera;SIX Swiss Exchange;CHF
SRG;SNAM;Imprese di servizi di pubblica utilità;Azionario;13.006.098,47;0,10;13.006.098,47;2.333.351,00;5,57;Italia;Borsa Italiana;EUR
ELE;ENDESA SA;Imprese di servizi di pubblica utilità;Azionario;12.841.189,10;0,09;12.841.189,10;416.246,00;30,85;Spagna;Bolsa De Madrid;EUR
BESI;BE SEMICONDUCTOR INDUSTRIES NV;IT;Azionario;12.543.279,90;0,09;12.543.279,90;94.702,00;132,45;Paesi Bassi;Euronext Amsterdam;EUR
CARL B;CARLSBERG AS CL B;Generi di largo consumo;Azionario;12.263.054,15;0,09;12.263.054,15;110.294,00;111,19;Danimarca;Omx Nordic Exchange Copenhagen A/S;DKK
SPSN;SWISS PRIME SITE AG;Immobili;Azionario;12.033.365,46;0,09;12.033.365,46;95.057,00;126,59;Svizzera;SIX Swiss Exchange;CHF
CNA;CENTRICA PLC;Imprese di servizi di pubblica utilità;Azionario;11.939.191,85;0,09;11.939.191,85;6.248.217,00;1,91;Regno unito;London Stock Exchange;GBP
AKZA;AKZO NOBEL NV;Materiali;Azionario;11.693.442,36;0,09;11.693.442,36;205.798,00;56,82;Paesi Bassi;Euronext Amsterdam;EUR
SGRO;SEGRO REIT PLC;Immobili;Azionario;11.580.790,77;0,09;11.580.790,77;1.481.179,00;7,82;Regno unito;London Stock Exchange;GBP
ASRNL;ASR NEDERLAND NV;Finanziari;Azionario;11.360.823,60;0,08;11.360.823,60;190.490,00;59,64;Paesi Bassi;Euronext Amsterdam;EUR
METSO;METSO CORPORATION;Industriali;Azionario;11.258.965,20;0,08;11.258.965,20;771.162,00;14,60;Finlandia;Nasdaq Omx Helsinki Ltd.;EUR
ORSTED;ORSTED A/S;Imprese di servizi di pubblica utilità;Azionario;11.195.694,06;0,08;11.195.694,06;607.162,00;18,44;Danimarca;Omx Nordic Exchange Copenhagen A/S;DKK
ENX;EURONEXT NV;Finanziari;Azionario;11.097.022,00;0,08;11.097.022,00;89.420,00;124,10;Francia;Nyse Euronext - Euronext Paris;EUR
CCH;COCA COLA HBC AG;Generi di largo consumo;Azionario;11.077.169,62;0,08;11.077.169,62;260.094,00;42,59;Regno unito;London Stock Exchange;GBP
BKT;BANKINTER SA;Finanziari;Azionario;11.001.963,87;0,08;11.001.963,87;785.574,00;14,01;Spagna;Bolsa De Madrid;EUR
COLO B;COLOPLAST B;Salute;Azionario;10.969.288,14;0,08;10.969.288,14;146.122,00;75,07;Danimarca;Omx Nordic Exchange Copenhagen A/S;DKK
KNIN;KUEHNE UND NAGEL INTERNATIONAL AG;Industriali;Azionario;10.899.019,51;0,08;10.899.019,51;57.870,00;188,34;Svizzera;SIX Swiss Exchange;CHF
AGS;AGEAS SA;Finanziari;Azionario;10.885.260,40;0,08;10.885.260,40;186.232,00;58,45;Belgio;Nyse Euronext - Euronext Brussels;EUR
PST;POSTE ITALIANE;Finanziari;Azionario;10.867.709,88;0,08;10.867.709,88;519.489,00;20,92;Italia;Borsa Italiana;EUR
HM B;HENNES & MAURITZ;Consumi Discrezionali;Azionario;10.815.960,58;0,08;10.815.960,58;655.010,00;16,51;Svezia;Nasdaq Omx Nordic;SEK
KOG;KONGSBERG GRUPPEN;Industriali;Azionario;10.774.225,77;0,08;10.774.225,77;510.527,00;21,10;Norvegia;Oslo Bors Asa;NOK
BEI;BEIERSDORF AG;Generi di largo consumo;Azionario;10.752.942,00;0,08;10.752.942,00;114.393,00;94,00;Germania;Xetra;EUR
UU.;UNITED UTILITIES GROUP PLC;Imprese di servizi di pubblica utilità;Azionario;10.742.416,06;0,08;10.742.416,06;803.197,00;13,37;Regno unito;London Stock Exchange;GBP
AC;ACCOR SA;Consumi Discrezionali;Azionario;10.733.444,80;0,08;10.733.444,80;228.080,00;47,06;Francia;Nyse Euronext - Euronext Paris;EUR
AGN;AEGON LTD;Finanziari;Azionario;10.667.039,23;0,08;10.667.039,23;1.634.044,00;6,53;Paesi Bassi;Euronext Amsterdam;EUR
SMIN;SMITHS GROUP PLC;Industriali;Azionario;10.595.295,24;0,08;10.595.295,24;396.605,00;26,71;Regno unito;London Stock Exchange;GBP
MOWI;MOWI;Generi di largo consumo;Azionario;10.591.404,97;0,08;10.591.404,97;534.479,00;19,82;Norvegia;Oslo Bors Asa;NOK
FGR;EIFFAGE SA;Industriali;Azionario;10.580.016,15;0,08;10.580.016,15;86.757,00;121,95;Francia;Nyse Euronext - Euronext Paris;EUR
G1A;GEA GROUP AG;Industriali;Azionario;10.566.996,75;0,08;10.566.996,75;188.865,00;55,95;Germania;Xetra;EUR
ADM;ADMIRAL GROUP PLC;Finanziari;Azionario;10.403.461,52;0,08;10.403.461,52;290.952,00;35,76;Regno unito;London Stock Exchange;GBP
FME;FRESENIUS MEDICAL CARE AG;Salute;Azionario;10.324.490,82;0,08;10.324.490,82;258.306,00;39,97;Germania;Xetra;EUR
SY1;SYMRISE AG;Materiali;Azionario;10.306.736,44;0,08;10.306.736,44;154.154,00;66,86;Germania;Xetra;EUR
NHY;NORSK HYDRO;Materiali;Azionario;10.266.089,37;0,08;10.266.089,37;1.634.166,00;6,28;Norvegia;Oslo Bors Asa;NOK
EN;BOUYGUES SA;Industriali;Azionario;10.060.600,98;0,07;10.060.600,98;228.702,00;43,99;Francia;Nyse Euronext - Euronext Paris;EUR
CA;CARREFOUR SA;Generi di largo consumo;Azionario;10.059.877,53;0,07;10.059.877,53;703.734,00;14,30;Francia;Nyse Euronext - Euronext Paris;EUR
BVI;BUREAU VERITAS SA;Industriali;Azionario;9.914.735,00;0,07;9.914.735,00;378.425,00;26,20;Francia;Nyse Euronext - Euronext Paris;EUR
GBP;GBP CASH;Liquidità e/o derivati;Contanti;9.873.774,19;0,07;9.873.774,19;8.670.743,00;113,87;Regno unito;--;GBP
ALO;ALSTOM SA;Industriali;Azionario;9.867.704,16;0,07;9.867.704,16;399.664,00;24,69;Francia;Nyse Euronext - Euronext Paris;EUR
QIA;QIAGEN NV;Salute;Azionario;9.851.826,65;0,07;9.851.826,65;256.993,00;38,34;Germania;Deutsche Boerse Xetra;EUR
ICSEAGD;BLK ICS EUR LIQ FUND AGEN ACC T0;Liquidità e/o derivati;Money Market;9.844.692,06;0,07;9.844.692,06;91.158,00;108,00;Irlanda;--;EUR
EVO;EVOLUTION;Consumi Discrezionali;Azionario;9.836.690,61;0,07;9.836.690,61;169.209,00;58,13;Svezia;Nasdaq Omx Nordic;SEK
SVT;SEVERN TRENT PLC;Imprese di servizi di pubblica utilità;Azionario;9.827.584,43;0,07;9.827.584,43;319.518,00;30,76;Regno unito;London Stock Exchange;GBP
BNZL;BUNZL;Industriali;Azionario;9.777.647,59;0,07;9.777.647,59;391.355,00;24,98;Regno unito;London Stock Exchange;GBP
BEAN;BELIMO N AG;Industriali;Azionario;9.771.707,50;0,07;9.771.707,50;11.613,00;841,44;Svizzera;SIX Swiss Exchange;CHF
TELIA;TELIA COMPANY;Comunicazione;Azionario;9.667.134,07;0,07;9.667.134,07;2.781.330,00;3,48;Svezia;Nasdaq Omx Nordic;SEK
FORTUM;FORTUM;Imprese di servizi di pubblica utilità;Azionario;9.656.473,06;0,07;9.656.473,06;528.109,00;18,29;Finlandia;Nasdaq Omx Helsinki Ltd.;EUR
MRO;MELROSE INDUSTRIES PLC;Industriali;Azionario;9.585.362,00;0,07;9.585.362,00;1.502.047,00;6,38;Regno unito;London Stock Exchange;GBP
ITRK;INTERTEK GROUP PLC;Industriali;Azionario;9.423.765,41;0,07;9.423.765,41;184.311,00;51,13;Regno unito;London Stock Exchange;GBP
HEIO;HEINEKEN HOLDING NV;Generi di largo consumo;Azionario;9.366.708,00;0,07;9.366.708,00;151.320,00;61,90;Paesi Bassi;Euronext Amsterdam;EUR
EDV;ENDEAVOUR MINING;Materiali;Azionario;9.302.634,74;0,07;9.302.634,74;226.796,00;41,02;Regno unito;London Stock Exchange;GBP
ADDT B;ADDTECH CLASS B;Industriali;Azionario;9.295.821,70;0,07;9.295.821,70;301.916,00;30,79;Svezia;Nasdaq Omx Nordic;SEK
ABF;ASSOCIATED BRITISH FOODS PLC;Generi di largo consumo;Azionario;9.207.563,54;0,07;9.207.563,54;387.061,00;23,79;Regno unito;London Stock Exchange;GBP
SKF B;SKF B;Industriali;Azionario;9.171.871,96;0,07;9.171.871,96;406.544,00;22,56;Svezia;Nasdaq Omx Nordic;SEK
NESTE;NESTE;Energia;Azionario;9.147.405,60;0,07;9.147.405,60;491.796,00;18,60;Finlandia;Nasdaq Omx Helsinki Ltd.;EUR
ERF;EUROFINS SCIENTIFIC;Salute;Azionario;9.104.173,68;0,07;9.104.173,68;156.268,00;58,26;Francia;Nyse Euronext - Euronext Paris;EUR
MAERSK B;A P MOLLER MAERSK B;Industriali;Azionario;9.084.157,48;0,07;9.084.157,48;4.637,00;1.959,06;Danimarca;Omx Nordic Exchange Copenhagen A/S;DKK
SKA B;SKANSKA B;Industriali;Azionario;9.072.319,98;0,07;9.072.319,98;393.188,00;23,07;Svezia;Nasdaq Omx Nordic;SEK
UNI;UNIPOL ASSICURAZIONI SPA;Finanziari;Azionario;9.064.941,60;0,07;9.064.941,60;457.248,00;19,82;Italia;Borsa Italiana;EUR
TEL2 B;TELE2 B;Comunicazione;Azionario;8.988.875,82;0,07;8.988.875,82;656.148,00;13,70;Svezia;Nasdaq Omx Nordic;SEK
PNDORA;PANDORA;Consumi Discrezionali;Azionario;8.986.601,31;0,07;8.986.601,31;96.986,00;92,66;Danimarca;Omx Nordic Exchange Copenhagen A/S;DKK
TREL B;TRELLEBORG B;Industriali;Azionario;8.894.018,43;0,07;8.894.018,43;247.347,00;35,96;Svezia;Nasdaq Omx Nordic;SEK
RNO;RENAULT SA;Consumi Discrezionali;Azionario;8.874.608,60;0,07;8.874.608,60;237.289,00;37,40;Francia;Nyse Euronext - Euronext Paris;EUR
MKS;MARKS AND SPENCER GROUP PLC;Generi di largo consumo;Azionario;8.761.872,96;0,06;8.761.872,96;2.368.940,00;3,70;Regno unito;London Stock Exchange;GBP
CON;CONTINENTAL AG;Consumi Discrezionali;Azionario;8.746.075,20;0,06;8.746.075,20;131.718,00;66,40;Germania;Xetra;EUR
TEL;TELENOR;Comunicazione;Azionario;8.659.135,02;0,06;8.659.135,02;711.809,00;12,16;Norvegia;Oslo Bors Asa;NOK
TLX;TALANX AG;Finanziari;Azionario;8.608.376,40;0,06;8.608.376,40;76.998,00;111,80;Germania;Xetra;EUR
PSON;PEARSON PLC;Consumi Discrezionali;Azionario;8.553.095,52;0,06;8.553.095,52;719.787,00;11,88;Regno unito;London Stock Exchange;GBP
LIFCO B;LIFCO CLASS B;Industriali;Azionario;8.509.283,71;0,06;8.509.283,71;263.808,00;32,26;Svezia;Nasdaq Omx Nordic;SEK
FRES;FRESNILLO PLC;Materiali;Azionario;8.504.623,76;0,06;8.504.623,76;261.499,00;32,52;Regno unito;London Stock Exchange;GBP
BCP;BANCO COMERCIAL PORTUGUES SA;Finanziari;Azionario;8.503.951,41;0,06;8.503.951,41;9.835.706,00;0,86;Portogallo;Nyse Euronext - Euronext Lisbon;EUR
SCHN;SCHINDLER HOLDING AG;Industriali;Azionario;8.493.446,89;0,06;8.493.446,89;28.371,00;299,37;Svizzera;SIX Swiss Exchange;CHF
TRYG;TRYG;Finanziari;Azionario;8.481.229,79;0,06;8.481.229,79;393.042,00;21,58;Danimarca;Omx Nordic Exchange Copenhagen A/S;DKK
RXL;REXEL SA;Industriali;Azionario;8.400.579,00;0,06;8.400.579,00;254.563,00;33,00;Francia;Nyse Euronext - Euronext Paris;EUR
MNG;M&G PLC;Finanziari;Azionario;8.380.302,67;0,06;8.380.302,67;2.657.724,00;3,15;Regno unito;London Stock Exchange;GBP
EXO;EXOR NV;Finanziari;Azionario;8.293.089,80;0,06;8.293.089,80;115.342,00;71,90;Paesi Bassi;Euronext Amsterdam;EUR
EPI B;EPIROC CLASS B;Industriali;Azionario;8.166.562,68;0,06;8.166.562,68;470.789,00;17,35;Svezia;Nasdaq Omx Nordic;SEK
MICC;MAGNUM ICE CREAM COMPANY NPV;Generi di largo consumo;Azionario;8.158.309,66;0,06;8.158.309,66;575.168,00;14,18;Paesi Bassi;London Stock Exchange;GBP
OMV;OMV AG;Energia;Azionario;8.108.378,16;0,06;8.108.378,16;171.497,00;47,28;Austria;Wiener Boerse Ag;EUR
ORNBV;ORION CLASS B;Salute;Azionario;8.097.923,75;0,06;8.097.923,75;132.211,00;61,25;Finlandia;Nasdaq Omx Helsinki Ltd.;EUR
LI;KLEPIERRE REIT SA;Immobili;Azionario;8.087.918,80;0,06;8.087.918,80;244.940,00;33,02;Francia;Nyse Euronext - Euronext Paris;EUR
TEN;TENARIS SA;Energia;Azionario;8.052.393,75;0,06;8.052.393,75;470.625,00;17,11;Italia;Borsa Italiana;EUR
GALP;GALP ENERGIA SGPS SA CLASS B;Energia;Azionario;7.986.459,25;0,06;7.986.459,25;558.689,00;14,30;Portogallo;Nyse Euronext - Euronext Lisbon;EUR
WISE;WISE PLC CLASS A;Finanziari;Azionario;7.876.946,35;0,06;7.876.946,35;775.907,00;10,15;Regno unito;London Stock Exchange;GBP
HEN;HENKEL AG;Generi di largo consumo;Azionario;7.783.472,55;0,06;7.783.472,55;118.741,00;65,55;Germania;Xetra;EUR
BNR;BRENNTAG;Industriali;Azionario;7.718.145,73;0,06;7.718.145,73;155.201,00;49,73;Germania;Xetra;EUR
KGF;KINGFISHER PLC;Consumi Discrezionali;Azionario;7.705.953,84;0,06;7.705.953,84;2.211.455,00;3,48;Regno unito;London Stock Exchange;GBP
SECU B;SECURITAS B;Industriali;Azionario;7.667.413,95;0,06;7.667.413,95;581.670,00;13,18;Svezia;Nasdaq Omx Nordic;SEK
KBX;KNORR BREMSE AG;Industriali;Azionario;7.657.206,40;0,06;7.657.206,40;82.513,00;92,80;Germania;Xetra;EUR
PAH3;PORSCHE AUTOMOBIL HOLDING PREF;Consumi Discrezionali;Azionario;7.645.761,54;0,06;7.645.761,54;186.573,00;40,98;Germania;Xetra;EUR
AKRBP;AKER BP;Energia;Azionario;7.593.064,18;0,06;7.593.064,18;365.678,00;20,76;Norvegia;Oslo Bors Asa;NOK
ORK;ORKLA;Generi di largo consumo;Azionario;7.552.466,66;0,06;7.552.466,66;809.545,00;9,33;Norvegia;Oslo Bors Asa;NOK
SCA B;SVENSKA CELLULOSA B;Materiali;Azionario;7.511.373,43;0,06;7.511.373,43;681.100,00;11,03;Svezia;Nasdaq Omx Nordic;SEK
G24;SCOUT24 N;Comunicazione;Azionario;7.492.510,75;0,06;7.492.510,75;86.369,00;86,75;Germania;Xetra;EUR
AUTO;AUTO TRADER GROUP PLC;Comunicazione;Azionario;7.369.645,87;0,05;7.369.645,87;1.042.145,00;7,07;Regno unito;London Stock Exchange;GBP
SBRY;SAINSBURY(J) PLC;Generi di largo consumo;Azionario;7.340.819,27;0,05;7.340.819,27;1.998.266,00;3,67;Regno unito;London Stock Exchange;GBP
DIM;SARTORIUS STEDIM BIOTECH SA;Salute;Azionario;7.312.092,90;0,05;7.312.092,90;35.273,00;207,30;Francia;Nyse Euronext - Euronext Paris;EUR
INDU C;INDUSTRIVARDEN SERIES;Finanziari;Azionario;7.119.430,40;0,05;7.119.430,40;191.835,00;37,11;Svezia;Nasdaq Omx Nordic;SEK
GBLB;GROUPE BRUXELLES LAMBERT NV;Finanziari;Azionario;7.078.230,00;0,05;7.078.230,00;95.976,00;73,75;Belgio;Nyse Euronext - Euronext Brussels;EUR
SRT3;SARTORIUS PREF AG;Salute;Azionario;7.051.579,20;0,05;7.051.579,20;29.187,00;241,60;Germania;Xetra;EUR
TIT;TELECOM ITALIA;Comunicazione;Azionario;7.027.038,19;0,05;7.027.038,19;14.048.457,00;0,50;Italia;Borsa Italiana;EUR
ANA;ACCIONA SA;Imprese di servizi di pubblica utilità;Azionario;6.923.280,00;0,05;6.923.280,00;38.040,00;182,00;Spagna;Bolsa De Madrid;EUR
IAG;INTERNATIONAL AIRLINES GROUP SA;Industriali;Azionario;6.846.248,26;0,05;6.846.248,26;1.449.555,00;4,72;Spagna;Bolsa De Madrid;EUR
STERV;STORA ENSO CLASS R;Materiali;Azionario;6.818.042,46;0,05;6.818.042,46;674.386,00;10,11;Finlandia;Nasdaq Omx Helsinki Ltd.;EUR
INDT;INDUTRADE;Industriali;Azionario;6.789.466,76;0,05;6.789.466,76;310.790,00;21,85;Svezia;Nasdaq Omx Nordic;SEK
SOBI;SWEDISH ORPHAN BIOVITRUM;Salute;Azionario;6.682.166,33;0,05;6.682.166,33;225.066,00;29,69;Svezia;Nasdaq Omx Nordic;SEK
JMT;JERONIMO MARTINS SA;Generi di largo consumo;Azionario;6.659.920,00;0,05;6.659.920,00;332.996,00;20,00;Portogallo;Nyse Euronext - Euronext Lisbon;EUR
PHNX;PHOENIX GROUP HOLDINGS PLC;Finanziari;Azionario;6.631.289,55;0,05;6.631.289,55;839.096,00;7,90;Regno unito;London Stock Exchange;GBP
YAR;YARA INTERNATIONAL;Materiali;Azionario;6.589.749,43;0,05;6.589.749,43;197.303,00;33,40;Norvegia;Oslo Bors Asa;NOK
REC;RECORDATI INDUSTRIA CHIMICA E FARM;Salute;Azionario;6.550.195,88;0,05;6.550.195,88;135.671,00;48,28;Italia;Borsa Italiana;EUR
SPX;SPIRAX GROUP PLC;Industriali;Azionario;6.522.758,13;0,05;6.522.758,13;84.734,00;76,98;Regno unito;London Stock Exchange;GBP
BTRW;BARRATT REDROW PLC;Consumi Discrezionali;Azionario;6.512.651,17;0,05;6.512.651,17;1.592.189,00;4,09;Regno unito;London Stock Exchange;GBP
DCC;DCC PLC;Industriali;Azionario;6.480.661,99;0,05;6.480.661,99;111.262,00;58,25;Regno unito;London Stock Exchange;GBP
BEIJ B;BEIJER REF CLASS B;Industriali;Azionario;6.428.425,35;0,05;6.428.425,35;446.688,00;14,39;Svezia;Nasdaq Omx Nordic;SEK
ZAL;ZALANDO;Consumi Discrezionali;Azionario;6.363.276,14;0,05;6.363.276,14;268.606,00;23,69;Germania;Xetra;EUR
JDEP;JDE PEETS NV;Generi di largo consumo;Azionario;6.312.040,60;0,05;6.312.040,60;199.118,00;31,70;Paesi Bassi;Euronext Amsterdam;EUR
UHR;THE SWATCH GROUP AG;Consumi Discrezionali;Azionario;6.278.362,09;0,05;6.278.362,09;35.621,00;176,25;Svizzera;SIX Swiss Exchange;CHF
WTB;WHITBREAD PLC;Consumi Discrezionali;Azionario;6.253.902,01;0,05;6.253.902,01;228.830,00;27,33;Regno unito;London Stock Exchange;GBP
HOT;HOCHTIEF AG;Industriali;Azionario;6.190.908,00;0,05;6.190.908,00;18.230,00;339,60;Germania;Xetra;EUR
MAERSK A;A P MOLLER MAERSK;Industriali;Azionario;6.159.873,77;0,05;6.159.873,77;3.154,00;1.953,04;Danimarca;Omx Nordic Exchange Copenhagen A/S;DKK
NEM;NEMETSCHEK;IT;Azionario;6.093.860,50;0,04;6.093.860,50;65.455,00;93,10;Germania;Xetra;EUR
SYENS;SYENSQO NV;Materiali;Azionario;6.071.881,30;0,04;6.071.881,30;86.371,00;70,30;Belgio;Nyse Euronext - Euronext Brussels;EUR
AM;DASSAULT AVIATION SA;Industriali;Azionario;6.059.716,40;0,04;6.059.716,40;22.262,00;272,20;Francia;Nyse Euronext - Euronext Paris;EUR
ELISA;ELISA;Comunicazione;Azionario;6.034.866,88;0,04;6.034.866,88;160.844,00;37,52;Finlandia;Nasdaq Omx Helsinki Ltd.;EUR
ENT;ENTAIN PLC;Consumi Discrezionali;Azionario;6.017.236,30;0,04;6.017.236,30;714.839,00;8,42;Regno unito;London Stock Exchange;GBP
NIBE B;NIBE INDUSTRIER CLASS B;Industriali;Azionario;5.995.562,16;0,04;5.995.562,16;1.833.247,00;3,27;Svezia;Nasdaq Omx Nordic;SEK
ELI;ELIA GROUP SA;Imprese di servizi di pubblica utilità;Azionario;5.978.788,80;0,04;5.978.788,80;57.104,00;104,70;Belgio;Nyse Euronext - Euronext Brussels;EUR
KESKOB;KESKO CLASS B;Generi di largo consumo;Azionario;5.969.495,09;0,04;5.969.495,09;322.153,00;18,53;Finlandia;Nasdaq Omx Helsinki Ltd.;EUR
P911;DR ING HC F PORSCHE PRF AG;Consumi Discrezionali;Azionario;5.910.982,10;0,04;5.910.982,10;127.667,00;46,30;Germania;Xetra;EUR
LHA;DEUTSCHE LUFTHANSA AG;Industriali;Azionario;5.884.107,26;0,04;5.884.107,26;691.272,00;8,51;Germania;Xetra;EUR
INDU A;INDUSTRIVARDEN A;Finanziari;Azionario;5.879.962,63;0,04;5.879.962,63;158.359,00;37,13;Svezia;Nasdaq Omx Nordic;SEK
BMW3;BMW PREF AG;Consumi Discrezionali;Azionario;5.858.531,25;0,04;5.858.531,25;67.925,00;86,25;Germania;Xetra;EUR
RBI;RAIFFEISEN BANK INTERNATIONAL AG;Finanziari;Azionario;5.809.500,80;0,04;5.809.500,80;154.508,00;37,60;Austria;Wiener Boerse Ag;EUR
EVD;CTS EVENTIM AG;Comunicazione;Azionario;5.507.887,00;0,04;5.507.887,00;71.531,00;77,00;Germania;Xetra;EUR
AVOL;AVOLTA AG;Consumi Discrezionali;Azionario;5.467.549,78;0,04;5.467.549,78;108.850,00;50,23;Svizzera;SIX Swiss Exchange;CHF
IPN;IPSEN SA;Salute;Azionario;5.433.458,40;0,04;5.433.458,40;44.391,00;122,40;Francia;Nyse Euronext - Euronext Paris;EUR
HAG;HENSOLDT AG;Industriali;Azionario;5.422.436,60;0,04;5.422.436,60;75.103,00;72,20;Germania;Xetra;EUR
EDEN;EDENRED;Finanziari;Azionario;5.415.982,00;0,04;5.415.982,00;294.587,00;18,39;Francia;Nyse Euronext - Euronext Paris;EUR
GET;GETLINK;Industriali;Azionario;5.372.080,56;0,04;5.372.080,56;350.658,00;15,32;Francia;Nyse Euronext - Euronext Paris;EUR
LAND;LAND SECURITIES GROUP REIT PLC;Immobili;Azionario;5.365.704,63;0,04;5.365.704,63;808.917,00;6,63;Regno unito;London Stock Exchange;GBP
GJF;GJENSIDIGE FORSIKRING;Finanziari;Azionario;5.351.750,50;0,04;5.351.750,50;216.531,00;24,72;Norvegia;Oslo Bors Asa;NOK
BARN;BARRY CALLEBAUT AG;Generi di largo consumo;Azionario;5.280.226,04;0,04;5.280.226,04;4.095,00;1.289,43;Svizzera;SIX Swiss Exchange;CHF
IMCD;IMCD NV;Industriali;Azionario;5.167.252,80;0,04;5.167.252,80;67.440,00;76,62;Paesi Bassi;Euronext Amsterdam;EUR
LEG;LEG IMMOBILIEN N;Immobili;Azionario;5.134.095,05;0,04;5.134.095,05;84.791,00;60,55;Germania;Xetra;EUR
BIM;BIOMERIEUX SA;Salute;Azionario;5.088.963,60;0,04;5.088.963,60;47.516,00;107,10;Francia;Nyse Euronext - Euronext Paris;EUR
EDPR;EDP RENOVAVEIS SA;Imprese di servizi di pubblica utilità;Azionario;5.079.513,92;0,04;5.079.513,92;429.013,00;11,84;Portogallo;Nyse Euronext - Euronext Lisbon;EUR
ADP;AEROPORTS DE PARIS SA;Industriali;Azionario;5.072.975,00;0,04;5.072.975,00;38.725,00;131,00;Francia;Nyse Euronext - Euronext Paris;EUR
EMSN;EMS-CHEMIE HOLDING AG;Materiali;Azionario;5.058.046,98;0,04;5.058.046,98;8.578,00;589,65;Svizzera;SIX Swiss Exchange;CHF
TUB;FINANCIERE DE TUBIZE SA;Salute;Azionario;5.030.284,00;0,04;5.030.284,00;23.506,00;214,00;Belgio;Nyse Euronext - Euronext Brussels;EUR
BMED;BANCA MEDIOLANUM;Finanziari;Azionario;4.929.383,16;0,04;4.929.383,16;260.676,00;18,91;Italia;Borsa Italiana;EUR
AMUN;AMUNDI SA;Finanziari;Azionario;4.900.010,40;0,04;4.900.010,40;72.112,00;67,95;Francia;Nyse Euronext - Euronext Paris;EUR
DHER;DELIVERY HERO;Consumi Discrezionali;Azionario;4.868.563,91;0,04;4.868.563,91;220.997,00;22,03;Germania;Xetra;EUR
VER;VERBUND AG;Imprese di servizi di pubblica utilità;Azionario;4.830.087,00;0,04;4.830.087,00;78.538,00;61,50;Austria;Wiener Boerse Ag;EUR
BZU;BUZZI;Materiali;Azionario;4.800.600,60;0,04;4.800.600,60;90.492,00;53,05;Italia;Borsa Italiana;EUR
BALD B;FASTIGHETS BALDER CLASS B;Immobili;Azionario;4.735.015,75;0,03;4.735.015,75;787.930,00;6,01;Svezia;Nasdaq Omx Nordic;SEK
ICSSAGD;BLK ICS GBP LIQ AGENCY DIS;Liquidità e/o derivati;Money Market;4.711.157,83;0,03;4.711.157,83;4.137.145,00;1,14;Irlanda;--;GBP
SAGA B;SAGAX CLASS B;Immobili;Azionario;4.613.694,04;0,03;4.613.694,04;253.262,00;18,22;Svezia;Nasdaq Omx Nordic;SEK
BZFUT;CASH COLLATERAL EUR BZFUT;Liquidità e/o derivati;Cash Collateral and Margins;4.600.530,00;0,03;4.600.530,00;4.600.530,00;100,00;Unione Europea;--;EUR
BKW;BKW N AG;Imprese di servizi di pubblica utilità;Azionario;4.540.099,06;0,03;4.540.099,06;25.156,00;180,48;Svizzera;SIX Swiss Exchange;CHF
MAP;MAPFRE SA;Finanziari;Azionario;4.532.783,23;0,03;4.532.783,23;1.084.917,00;4,18;Spagna;Bolsa De Madrid;EUR
SOF;SOFINA SA;Finanziari;Azionario;4.492.481,00;0,03;4.492.481,00;18.641,00;241,00;Belgio;Nyse Euronext - Euronext Brussels;EUR
SW;SODEXO SA;Consumi Discrezionali;Azionario;4.492.638,28;0,03;4.492.638,28;98.566,00;45,58;Francia;Nyse Euronext - Euronext Paris;EUR
SDR;SCHRODERS PLC;Finanziari;Azionario;4.283.746,58;0,03;4.283.746,58;966.053,00;4,43;Regno unito;London Stock Exchange;GBP
GFC;GECINA SA;Immobili;Azionario;4.268.702,80;0,03;4.268.702,80;53.762,00;79,40;Francia;Nyse Euronext - Euronext Paris;EUR
SALM;SALMAR;Generi di largo consumo;Azionario;4.164.525,91;0,03;4.164.525,91;81.643,00;51,01;Norvegia;Oslo Bors Asa;NOK
CPR;DAVIDE CAMPARI MILANO NV;Generi di largo consumo;Azionario;4.077.529,20;0,03;4.077.529,20;692.280,00;5,89;Italia;Borsa Italiana;EUR
BCVN;BC VAUD N;Finanziari;Azionario;4.031.231,58;0,03;4.031.231,58;38.810,00;103,87;Svizzera;SIX Swiss Exchange;CHF
LUND B;LUNDBERGFORETAGEN CLASS B;Finanziari;Azionario;3.995.168,58;0,03;3.995.168,58;87.302,00;45,76;Svezia;Nasdaq Omx Nordic;SEK
RAND;RANDSTAD HOLDING;Industriali;Azionario;3.963.635,00;0,03;3.963.635,00;121.958,00;32,50;Paesi Bassi;Euronext Amsterdam;EUR
EVK;EVONIK INDUSTRIES AG;Materiali;Azionario;3.882.856,86;0,03;3.882.856,86;295.499,00;13,14;Germania;Xetra;EUR
BOL;BOLLORE;Comunicazione;Azionario;3.846.259,64;0,03;3.846.259,64;826.797,00;4,65;Francia;Nyse Euronext - Euronext Paris;EUR
COV;COVIVIO SA;Immobili;Azionario;3.838.389,80;0,03;3.838.389,80;70.819,00;54,20;Francia;Nyse Euronext - Euronext Paris;EUR
GRF;GRIFOLS SA CLASS A;Salute;Azionario;3.818.286,95;0,03;3.818.286,95;351.430,00;10,87;Spagna;Bolsa De Madrid;EUR
NTGY;NATURGY ENERGY GROUP SA;Imprese di servizi di pubblica utilità;Azionario;3.750.019,00;0,03;3.750.019,00;153.062,00;24,50;Spagna;Bolsa De Madrid;EUR
DIE;DIETEREN (D) SA;Consumi Discrezionali;Azionario;3.733.602,60;0,03;3.733.602,60;25.193,00;148,20;Belgio;Nyse Euronext - Euronext Brussels;EUR
RAA;RATIONAL AG;Industriali;Azionario;3.688.110,00;0,03;3.688.110,00;5.718,00;645,00;Germania;Xetra;EUR
LATO B;LATOUR INVESTMENT CLASS B;Industriali;Azionario;3.658.461,60;0,03;3.658.461,60;178.074,00;20,54;Svezia;Nasdaq Omx Nordic;SEK
CVC;CVC CAPITAL PARTNERS PLC;Finanziari;Azionario;3.516.530,26;0,03;3.516.530,26;246.601,00;14,26;Paesi Bassi;Euronext Amsterdam;EUR
DKK;DKK CASH;Liquidità e/o derivati;Contanti;3.420.379,18;0,03;3.420.379,18;25.551.678,00;13,39;Danimarca;--;DKK
ROCK B;ROCKWOOL CLASS B;Industriali;Azionario;3.420.726,74;0,03;3.420.726,74;114.954,00;29,76;Danimarca;Omx Nordic Exchange Copenhagen A/S;DKK
HIK;HIKMA PHARMACEUTICALS PLC;Salute;Azionario;3.386.751,74;0,03;3.386.751,74;197.878,00;17,12;Regno unito;London Stock Exchange;GBP
LOTB;LOTUS BAKERIES NV;Generi di largo consumo;Azionario;3.325.140,00;0,02;3.325.140,00;441,00;7.540,00;Belgio;Nyse Euronext - Euronext Brussels;EUR
DEMANT;DEMANT;Salute;Azionario;3.220.428,64;0,02;3.220.428,64;113.374,00;28,41;Danimarca;Omx Nordic Exchange Copenhagen A/S;DKK
HOLM B;HOLMEN CLASS B;Materiali;Azionario;3.088.972,27;0,02;3.088.972,27;98.221,00;31,45;Svezia;Nasdaq Omx Nordic;SEK
JD.;JD SPORTS FASHION PLC;Consumi Discrezionali;Azionario;2.844.164,49;0,02;2.844.164,49;3.081.970,00;0,92;Regno unito;London Stock Exchange;GBP
INPST;INPOST SA;Industriali;Azionario;2.803.870,80;0,02;2.803.870,80;268.570,00;10,44;Paesi Bassi;Euronext Amsterdam;EUR
FDJU;FDJ UNITED;Consumi Discrezionali;Azionario;2.804.574,50;0,02;2.804.574,50;120.575,00;23,26;Francia;Nyse Euronext - Euronext Paris;EUR
INW;INFRASTRUTTURE WIRELESS ITALIANE;Comunicazione;Azionario;2.793.973,45;0,02;2.793.973,45;369.085,00;7,57;Italia;Borsa Italiana;EUR
NEXI;NEXI;Finanziari;Azionario;2.697.988,50;0,02;2.697.988,50;666.170,00;4,05;Italia;Borsa Italiana;EUR
RED;REDEIA CORPORACION SA;Imprese di servizi di pubblica utilità;Azionario;1.629.057,60;0,01;1.629.057,60;108.315,00;15,04;Spagna;Bolsa De Madrid;EUR
CHF;CHF CASH;Liquidità e/o derivati;Contanti;1.539.890,50;0,01;1.539.890,50;1.440.252,00;106,92;Svizzera;--;CHF
SEK;SEK CASH;Liquidità e/o derivati;Contanti;848.932,76;0,01;848.932,76;9.264.264,00;9,16;Svezia;--;SEK
USD;USD CASH;Liquidità e/o derivati;Contanti;789.085,22;0,01;789.085,22;928.161,00;85,02;Stati Uniti;--;USD
NOK;NOK CASH;Liquidità e/o derivati;Contanti;645.427,50;0,00;645.427,50;7.693.154,00;8,39;Norvegia;--;NOK
ETD_CHF;ETD CHF BALANCE WITH 06738C;Liquidità e/o derivati;Contanti;-1,32;0,00;-1,32;-1,00;106,92;Svizzera;--;CHF
ETD_GBP;ETD GBP BALANCE WITH 06738C;Liquidità e/o derivati;Contanti;0,32;0,00;0,32;0,00;113,87;Regno unito;--;GBP
ZRPH6;MSCI EUROPE INDEX MAR 26;Liquidità e/o derivati;Futures;0,00;0,00;68.032.350,00;1.710,00;397,85;--;Eurex Deutschland;EUR
